timestamp_ms,event_count,source_id
0,9992,src-01
1000,10095,src-01
2000,10202,src-01
3000,10344,src-01
4000,10400,src-01
5000,10425,src-01
6000,10604,src-01
7000,10655,src-01
8000,10732,src-01
9000,10814,src-01
10000,10877,src-01
11000,10971,src-01
12000,10983,src-01
13000,10983,src-01
14000,10957,src-01
15000,10949,src-01
16000,11006,src-01
17000,11043,src-01
18000,10953,src-01
19000,10908,src-01
20000,10892,src-01
21000,10736,src-01
22000,10727,src-01
23000,10693,src-01
24000,10631,src-01
25000,10487,src-01
26000,10425,src-01
27000,10321,src-01
28000,10247,src-01
29000,10048,src-01
30000,10028,src-01
31000,9819,src-01
32000,9661,src-01
33000,9660,src-01
34000,9547,src-01
35000,9543,src-01
36000,9445,src-01
37000,9269,src-01
38000,9299,src-01
39000,9140,src-01
40000,9129,src-01
41000,9071,src-01
42000,9054,src-01
43000,9062,src-01
44000,9037,src-01
45000,9017,src-01
46000,9037,src-01
47000,9045,src-01
48000,9017,src-01
49000,9050,src-01
50000,9110,src-01
51000,9215,src-01
52000,9244,src-01
53000,9447,src-01
54000,9371,src-01
55000,9445,src-01
56000,9631,src-01
57000,9762,src-01
58000,9817,src-01
59000,9937,src-01
60000,10071,src-01
61000,10099,src-01
62000,10136,src-01
63000,10282,src-01
64000,10454,src-01
65000,10427,src-01
66000,10589,src-01
67000,10681,src-01
68000,10727,src-01
69000,10845,src-01
70000,10895,src-01
71000,11029,src-01
72000,10982,src-01
73000,10947,src-01
74000,10966,src-01
75000,10958,src-01
76000,11042,src-01
77000,10949,src-01
78000,10947,src-01
79000,10951,src-01
80000,10829,src-01
81000,10794,src-01
82000,10651,src-01
83000,10615,src-01
84000,10559,src-01
85000,10520,src-01
86000,10466,src-01
87000,10308,src-01
88000,10220,src-01
89000,10112,src-01
90000,10054,src-01
91000,9940,src-01
92000,9805,src-01
93000,9640,src-01
94000,9638,src-01
95000,9519,src-01
96000,9473,src-01
97000,9329,src-01
98000,9354,src-01
99000,9173,src-01
100000,9213,src-01
101000,9092,src-01
102000,9023,src-01
103000,8965,src-01
104000,8997,src-01
105000,9071,src-01
106000,9046,src-01
107000,9056,src-01
108000,8930,src-01
109000,9122,src-01
110000,9161,src-01
111000,9163,src-01
112000,9225,src-01
113000,9330,src-01
114000,9498,src-01
115000,9447,src-01
116000,9571,src-01
117000,9759,src-01
118000,9769,src-01
119000,9877,src-01
120000,10004,src-01
121000,10042,src-01
122000,10218,src-01
123000,10248,src-01
124000,10450,src-01
125000,10500,src-01
126000,10701,src-01
127000,10683,src-01
128000,10811,src-01
129000,10743,src-01
130000,10859,src-01
131000,10929,src-01
132000,11038,src-01
133000,10894,src-01
134000,11044,src-01
135000,11029,src-01
136000,11071,src-01
137000,11013,src-01
138000,10953,src-01
139000,10887,src-01
140000,10803,src-01
141000,10818,src-01
142000,10733,src-01
143000,10770,src-01
144000,10557,src-01
145000,10516,src-01
146000,10328,src-01
147000,10289,src-01
148000,10220,src-01
149000,10145,src-01
150000,10072,src-01
151000,9893,src-01
152000,9736,src-01
153000,9713,src-01
154000,9619,src-01
155000,9524,src-01
156000,9377,src-01
157000,9387,src-01
158000,9261,src-01
159000,9225,src-01
160000,9197,src-01
161000,9116,src-01
162000,9063,src-01
163000,9129,src-01
164000,9017,src-01
165000,8985,src-01
166000,9011,src-01
167000,9095,src-01
168000,9054,src-01
169000,9112,src-01
170000,9193,src-01
171000,9165,src-01
172000,9170,src-01
173000,9345,src-01
174000,9423,src-01
175000,9469,src-01
176000,9636,src-01
177000,9721,src-01
178000,9742,src-01
179000,9921,src-01
180000,9990,src-01
181000,10030,src-01
182000,10230,src-01
183000,10306,src-01
184000,10369,src-01
185000,10526,src-01
186000,10612,src-01
187000,10640,src-01
188000,10763,src-01
189000,10859,src-01
190000,10830,src-01
191000,10932,src-01
192000,10951,src-01
193000,11091,src-01
194000,10901,src-01
195000,11034,src-01
196000,10979,src-01
197000,10973,src-01
198000,11046,src-01
199000,10913,src-01
200000,10978,src-01
201000,10786,src-01
202000,10760,src-01
203000,10644,src-01
204000,10553,src-01
205000,10503,src-01
206000,10392,src-01
207000,10319,src-01
208000,10102,src-01
209000,10204,src-01
210000,9991,src-01
211000,9982,src-01
212000,9741,src-01
213000,9705,src-01
214000,9751,src-01
215000,9456,src-01
216000,9337,src-01
217000,9303,src-01
218000,9280,src-01
219000,9225,src-01
220000,9198,src-01
221000,9073,src-01
222000,8968,src-01
223000,9000,src-01
224000,9067,src-01
225000,9023,src-01
226000,8907,src-01
227000,9020,src-01
228000,9118,src-01
229000,9192,src-01
230000,9162,src-01
231000,9206,src-01
232000,9194,src-01
233000,9288,src-01
234000,9414,src-01
235000,9525,src-01
236000,9622,src-01
237000,9667,src-01
238000,9734,src-01
239000,9856,src-01
240000,9942,src-01
241000,10136,src-01
242000,10092,src-01
243000,10292,src-01
244000,10429,src-01
245000,10576,src-01
246000,10591,src-01
247000,10719,src-01
248000,10723,src-01
249000,10771,src-01
250000,10832,src-01
251000,10989,src-01
252000,11000,src-01
253000,11002,src-01
254000,11161,src-01
255000,10998,src-01
256000,11025,src-01
257000,10993,src-01
258000,10939,src-01
259000,11029,src-01
260000,10941,src-01
261000,10739,src-01
262000,10723,src-01
263000,10690,src-01
264000,10626,src-01
265000,10432,src-01
266000,10293,src-01
267000,10213,src-01
268000,10204,src-01
269000,10099,src-01
270000,10017,src-01
271000,9856,src-01
272000,9730,src-01
273000,9589,src-01
274000,9609,src-01
275000,9518,src-01
276000,9461,src-01
277000,9370,src-01
278000,9247,src-01
279000,9258,src-01
280000,9127,src-01
281000,9053,src-01
282000,9022,src-01
283000,8992,src-01
284000,8897,src-01
285000,9007,src-01
286000,9017,src-01
287000,9003,src-01
288000,9013,src-01
289000,9105,src-01
290000,9219,src-01
291000,9192,src-01
292000,9231,src-01
293000,9301,src-01
294000,9408,src-01
295000,9436,src-01
296000,9587,src-01
297000,9694,src-01
298000,9884,src-01
299000,9942,src-01
300000,10051,src-01
301000,10068,src-01
302000,10241,src-01
303000,10252,src-01
304000,10422,src-01
305000,10520,src-01
306000,10549,src-01
307000,10769,src-01
308000,10771,src-01
309000,10713,src-01
310000,10893,src-01
311000,10893,src-01
312000,10951,src-01
313000,11001,src-01
314000,11014,src-01
315000,10898,src-01
316000,10936,src-01
317000,11016,src-01
318000,11016,src-01
319000,11008,src-01
320000,10956,src-01
321000,10706,src-01
322000,10781,src-01
323000,10573,src-01
324000,10668,src-01
325000,10512,src-01
326000,10349,src-01
327000,10409,src-01
328000,10240,src-01
329000,10009,src-01
330000,10014,src-01
331000,9858,src-01
332000,9797,src-01
333000,9667,src-01
334000,9661,src-01
335000,9428,src-01
336000,9428,src-01
337000,9421,src-01
338000,9215,src-01
339000,9201,src-01
340000,9144,src-01
341000,9051,src-01
342000,9081,src-01
343000,9026,src-01
344000,8958,src-01
345000,9088,src-01
346000,9045,src-01
347000,9013,src-01
348000,9017,src-01
349000,9047,src-01
350000,9195,src-01
351000,9183,src-01
352000,9279,src-01
353000,9321,src-01
354000,9443,src-01
355000,9494,src-01
356000,9631,src-01
357000,9681,src-01
358000,9833,src-01
359000,9929,src-01
360000,9994,src-01
361000,10061,src-01
362000,10160,src-01
363000,10271,src-01
364000,10357,src-01
365000,10543,src-01
366000,10585,src-01
367000,10747,src-01
368000,10857,src-01
369000,10810,src-01
370000,10788,src-01
371000,10894,src-01
372000,10947,src-01
373000,10903,src-01
374000,10981,src-01
375000,11014,src-01
376000,10971,src-01
377000,10939,src-01
378000,10913,src-01
379000,11002,src-01
380000,10858,src-01
381000,10767,src-01
382000,10724,src-01
383000,10716,src-01
384000,10553,src-01
385000,10524,src-01
386000,10443,src-01
387000,10346,src-01
388000,10277,src-01
389000,10077,src-01
390000,10056,src-01
391000,9855,src-01
392000,9772,src-01
393000,9750,src-01
394000,9634,src-01
395000,9500,src-01
396000,9352,src-01
397000,9358,src-01
398000,9225,src-01
399000,9144,src-01
400000,9101,src-01
401000,9098,src-01
402000,8942,src-01
403000,9039,src-01
404000,9014,src-01
405000,8970,src-01
406000,9057,src-01
407000,9052,src-01
408000,9018,src-01
409000,9052,src-01
410000,9168,src-01
411000,9115,src-01
412000,9240,src-01
413000,9299,src-01
414000,9415,src-01
415000,9510,src-01
416000,9595,src-01
417000,9747,src-01
418000,9803,src-01
419000,9879,src-01
420000,9939,src-01
421000,10140,src-01
422000,10234,src-01
423000,10381,src-01
424000,10369,src-01
425000,10501,src-01
426000,10584,src-01
427000,10664,src-01
428000,10743,src-01
429000,10723,src-01
430000,10907,src-01
431000,10946,src-01
432000,11007,src-01
433000,11090,src-01
434000,10978,src-01
435000,10998,src-01
436000,10995,src-01
437000,11075,src-01
438000,10864,src-01
439000,10937,src-01
440000,10792,src-01
441000,10679,src-01
442000,10642,src-01
443000,10600,src-01
444000,10641,src-01
445000,10456,src-01
446000,10395,src-01
447000,10250,src-01
448000,10238,src-01
449000,10049,src-01
450000,10065,src-01
451000,9845,src-01
452000,9753,src-01
453000,9697,src-01
454000,9594,src-01
455000,9571,src-01
456000,9418,src-01
457000,9270,src-01
458000,9228,src-01
459000,9162,src-01
460000,9170,src-01
461000,9105,src-01
462000,9042,src-01
463000,9065,src-01
464000,8979,src-01
465000,8993,src-01
466000,9014,src-01
467000,9098,src-01
468000,9044,src-01
469000,9068,src-01
470000,9081,src-01
471000,9225,src-01
472000,9227,src-01
473000,9348,src-01
474000,9317,src-01
475000,9552,src-01
476000,9526,src-01
477000,9652,src-01
478000,9845,src-01
479000,9828,src-01
480000,9996,src-01
481000,10108,src-01
482000,10157,src-01
483000,10376,src-01
484000,10481,src-01
485000,10401,src-01
486000,10515,src-01
487000,10709,src-01
488000,10677,src-01
489000,10789,src-01
490000,10872,src-01
491000,10948,src-01
492000,10939,src-01
493000,10982,src-01
494000,10955,src-01
495000,11064,src-01
496000,10969,src-01
497000,10995,src-01
498000,10925,src-01
499000,10918,src-01
500000,10857,src-01
501000,10800,src-01
502000,10692,src-01
503000,10708,src-01
504000,10658,src-01
505000,10512,src-01
506000,10443,src-01
507000,10350,src-01
508000,10254,src-01
509000,10119,src-01
510000,10010,src-01
511000,9938,src-01
512000,9795,src-01
513000,9642,src-01
514000,9594,src-01
515000,9405,src-01
516000,9411,src-01
517000,9351,src-01
518000,9318,src-01
519000,9198,src-01
520000,9180,src-01
521000,9086,src-01
522000,8997,src-01
523000,8951,src-01
524000,8956,src-01
525000,8931,src-01
526000,9037,src-01
527000,9011,src-01
528000,9077,src-01
529000,9090,src-01
530000,9186,src-01
531000,9243,src-01
532000,9224,src-01
533000,9317,src-01
534000,9385,src-01
535000,9418,src-01
536000,9627,src-01
537000,9750,src-01
538000,9791,src-01
539000,9870,src-01
540000,10054,src-01
541000,9987,src-01
542000,10216,src-01
543000,10316,src-01
544000,10378,src-01
545000,10569,src-01
546000,10636,src-01
547000,10656,src-01
548000,10738,src-01
549000,10789,src-01
550000,10840,src-01
551000,10848,src-01
552000,11020,src-01
553000,11029,src-01
554000,11034,src-01
555000,10945,src-01
556000,11098,src-01
557000,11077,src-01
558000,10960,src-01
559000,10868,src-01
560000,10822,src-01
561000,10829,src-01
562000,10697,src-01
563000,10667,src-01
564000,10642,src-01
565000,10424,src-01
566000,10507,src-01
567000,10387,src-01
568000,10146,src-01
569000,10033,src-01
570000,9985,src-01
571000,9843,src-01
572000,9778,src-01
573000,9561,src-01
574000,9581,src-01
575000,9590,src-01
576000,9356,src-01
577000,9317,src-01
578000,9182,src-01
579000,9222,src-01
580000,9122,src-01
581000,9183,src-01
582000,9059,src-01
583000,9003,src-01
584000,9032,src-01
585000,8974,src-01
586000,8938,src-01
587000,9036,src-01
588000,9040,src-01
589000,9094,src-01
590000,9152,src-01
591000,9165,src-01
592000,9277,src-01
593000,9417,src-01
594000,9356,src-01
595000,9586,src-01
596000,9581,src-01
597000,9652,src-01
598000,9913,src-01
599000,9903,src-01
